reporting_period,departure_origin,n_route_days,n_cities,total_pax,p2p_pax,transfer_pax,transit_pax,premium_p2p_pax,classified_p2p_pax,premium_p2p_share_pct,premium_classified_share_pct,unclassified_p2p_pct,premium_seat_share_pct,transfer_share_pct,first_date,last_date
main_2023-01_to_2025-07,Austria,845,1,242430.0,72646.0,169784.0,0.0,9143.0,71391.0,12.6,12.8,1.73,10.0,70.0,2023-01-01,2025-07-31
extended_2023-01_to_2026-02,Austria,1054,1,315889.0,92906.0,222983.0,0.0,11415.0,91369.0,12.3,12.5,1.65,10.2,70.6,2023-01-01,2026-02-27
2023,Austria,267,1,70167.0,21620.0,48547.0,0.0,3275.0,21228.0,15.1,15.4,1.81,9.7,69.2,2023-01-01,2023-12-31
2024,Austria,366,1,103021.0,27394.0,75627.0,0.0,3542.0,26916.0,12.9,13.2,1.74,9.8,73.4,2024-01-01,2024-12-31
2025,Austria,365,1,122188.0,39979.0,82209.0,0.0,4094.0,39357.0,10.2,10.4,1.56,10.8,67.3,2025-01-01,2025-12-31
jan-feb_2023,Austria,34,1,9245.0,1627.0,7618.0,0.0,391.0,1597.0,24.0,24.5,1.84,9.7,82.4,2023-01-01,2023-02-27
jan-feb_2024,Austria,60,1,17516.0,3806.0,13710.0,0.0,601.0,3750.0,15.8,16.0,1.47,9.7,78.3,2024-01-01,2024-02-29
jan-feb_2025,Austria,59,1,20049.0,5839.0,14210.0,0.0,639.0,5750.0,10.9,11.1,1.52,10.8,70.9,2025-01-01,2025-02-28
jan-feb_2026,Austria,56,1,20513.0,3913.0,16600.0,0.0,504.0,3868.0,12.9,13.0,1.15,10.8,80.9,2026-01-01,2026-02-27
main_2023-01_to_2025-07,Azerbaijan,1,1,55.0,55.0,0.0,0.0,8.0,55.0,14.5,14.5,0.0,5.1,0.0,2023-03-01,2023-03-01
extended_2023-01_to_2026-02,Azerbaijan,1,1,55.0,55.0,0.0,0.0,8.0,55.0,14.5,14.5,0.0,5.1,0.0,2023-03-01,2023-03-01
2023,Azerbaijan,1,1,55.0,55.0,0.0,0.0,8.0,55.0,14.5,14.5,0.0,5.1,0.0,2023-03-01,2023-03-01
main_2023-01_to_2025-07,Bahrain,940,1,277282.0,104839.0,172443.0,0.0,5294.0,103313.0,5.0,5.1,1.46,7.0,62.2,2023-01-01,2025-07-31
extended_2023-01_to_2026-02,Bahrain,1152,1,352730.0,142321.0,210409.0,0.0,6702.0,140271.0,4.7,4.8,1.44,7.3,59.7,2023-01-01,2026-02-28
2023,Bahrain,362,1,96827.0,44208.0,52619.0,0.0,1977.0,43534.0,4.5,4.5,1.52,5.1,54.3,2023-01-01,2023-12-31
2024,Bahrain,366,1,112307.0,35524.0,76783.0,0.0,2198.0,35073.0,6.2,6.3,1.27,7.7,68.4,2024-01-01,2024-12-31
2025,Bahrain,365,1,122345.0,51793.0,70552.0,0.0,2162.0,51005.0,4.2,4.2,1.52,8.7,57.7,2025-01-01,2025-12-31
jan-feb_2023,Bahrain,57,1,11950.0,6186.0,5764.0,0.0,407.0,6102.0,6.6,6.7,1.36,5.2,48.2,2023-01-01,2023-02-28
jan-feb_2024,Bahrain,60,1,16516.0,7399.0,9117.0,0.0,440.0,7312.0,5.9,6.0,1.18,6.6,55.2,2024-01-01,2024-02-29
jan-feb_2025,Bahrain,59,1,16432.0,6273.0,10159.0,0.0,400.0,6205.0,6.4,6.4,1.08,8.4,61.8,2025-01-01,2025-02-28
jan-feb_2026,Bahrain,59,1,21251.0,10796.0,10455.0,0.0,365.0,10659.0,3.4,3.4,1.27,7.7,49.2,2026-01-01,2026-02-28
main_2023-01_to_2025-07,Belgium,836,1,228317.0,34809.0,193508.0,0.0,6530.0,34354.0,18.8,19.0,1.31,9.9,84.8,2023-01-01,2025-07-31
extended_2023-01_to_2026-02,Belgium,1043,1,296991.0,47857.0,249134.0,0.0,8468.0,47221.0,17.7,17.9,1.33,10.0,83.9,2023-01-01,2026-02-27
2023,Belgium,264,1,68539.0,10685.0,57854.0,0.0,2065.0,10546.0,19.3,19.6,1.3,9.7,84.4,2023-01-01,2023-12-31
2024,Belgium,364,1,98619.0,14175.0,84444.0,0.0,2737.0,13992.0,19.3,19.6,1.29,10.1,85.6,2024-01-01,2024-12-31
2025,Belgium,358,1,110688.0,19969.0,90719.0,0.0,3108.0,19690.0,15.6,15.8,1.4,10.2,82.0,2025-01-01,2025-12-31
jan-feb_2023,Belgium,43,1,11199.0,2051.0,9148.0,0.0,502.0,2032.0,24.5,24.7,0.93,9.7,81.7,2023-01-01,2023-02-28
jan-feb_2024,Belgium,60,1,15144.0,2349.0,12795.0,0.0,650.0,2325.0,27.7,28.0,1.02,11.7,84.5,2024-01-01,2024-02-29
jan-feb_2025,Belgium,58,1,17222.0,2636.0,14586.0,0.0,499.0,2598.0,18.9,19.2,1.44,9.8,84.7,2025-01-01,2025-02-28
jan-feb_2026,Belgium,57,1,19145.0,3028.0,16117.0,0.0,558.0,2993.0,18.4,18.6,1.16,9.1,84.2,2026-01-01,2026-02-27
main_2023-01_to_2025-07,Canada,917,1,322609.0,31713.0,290896.0,0.0,9081.0,31163.0,28.6,29.1,1.73,11.2,90.2,2023-01-01,2025-07-31
extended_2023-01_to_2026-02,Canada,1128,1,425586.0,44213.0,381373.0,0.0,13291.0,43401.0,30.1,30.6,1.84,12.5,89.6,2023-01-01,2026-02-28
2023,Canada,342,1,109665.0,10366.0,99299.0,0.0,2813.0,10170.0,27.1,27.7,1.89,10.3,90.5,2023-01-01,2023-12-31
2024,Canada,364,1,133092.0,13074.0,120018.0,0.0,3482.0,12849.0,26.6,27.1,1.72,11.0,90.2,2024-01-01,2024-12-31
2025,Canada,364,1,154077.0,18003.0,136074.0,0.0,5797.0,17680.0,32.2,32.8,1.79,14.7,88.3,2025-01-01,2025-12-31
jan-feb_2023,Canada,50,1,15557.0,1319.0,14238.0,0.0,497.0,1292.0,37.7,38.5,2.05,10.2,91.5,2023-01-01,2023-02-28
jan-feb_2024,Canada,60,1,21623.0,1650.0,19973.0,0.0,675.0,1612.0,40.9,41.9,2.3,10.8,92.4,2024-01-01,2024-02-29
jan-feb_2025,Canada,59,1,22172.0,1985.0,20187.0,0.0,494.0,1942.0,24.9,25.4,2.17,11.9,91.0,2025-01-01,2025-02-28
jan-feb_2026,Canada,58,1,28752.0,2770.0,25982.0,0.0,1199.0,2702.0,43.3,44.4,2.45,16.7,90.4,2026-01-01,2026-02-28
main_2023-01_to_2025-07,China,1150,3,254381.0,65299.0,189082.0,0.0,8624.0,65133.0,13.2,13.2,0.25,10.0,74.3,2023-01-01,2025-07-31
extended_2023-01_to_2026-02,China,1342,3,310217.0,79520.0,230697.0,0.0,10413.0,79326.0,13.1,13.1,0.24,10.0,74.4,2023-01-01,2026-02-28
2023,China,469,3,92947.0,20238.0,72709.0,0.0,2866.0,20172.0,14.2,14.2,0.33,10.2,78.2,2023-01-01,2023-12-31
2024,China,503,3,115792.0,32759.0,83033.0,0.0,4196.0,32685.0,12.8,12.8,0.23,9.8,71.7,2024-01-01,2024-12-30
2025,China,311,2,85779.0,21333.0,64446.0,0.0,2857.0,21292.0,13.4,13.4,0.19,9.9,75.1,2025-01-01,2025-12-31
jan-feb_2023,China,38,3,7971.0,2573.0,5398.0,0.0,328.0,2562.0,12.7,12.8,0.43,10.1,67.7,2023-01-01,2023-02-28
jan-feb_2024,China,123,3,24371.0,9865.0,14506.0,0.0,1114.0,9836.0,11.3,11.3,0.29,10.2,59.5,2024-01-01,2024-02-29
jan-feb_2025,China,58,2,14750.0,5361.0,9389.0,0.0,632.0,5354.0,11.8,11.8,0.13,9.7,63.7,2025-01-01,2025-02-27
jan-feb_2026,China,59,1,15699.0,5190.0,10509.0,0.0,494.0,5177.0,9.5,9.5,0.25,9.9,66.9,2026-01-01,2026-02-28
main_2023-01_to_2025-07,Egypt,965,3,461398.0,284472.0,176926.0,0.0,13106.0,280562.0,4.6,4.7,1.37,5.3,38.3,2023-01-01,2025-07-31
extended_2023-01_to_2026-02,Egypt,1186,3,562524.0,355747.0,206777.0,0.0,15593.0,350730.0,4.4,4.4,1.41,5.1,36.8,2023-01-01,2026-02-28
2023,Egypt,371,2,135073.0,78972.0,56101.0,0.0,2955.0,77818.0,3.7,3.8,1.46,4.4,41.5,2023-01-01,2023-12-31
2024,Egypt,378,3,233385.0,140683.0,92702.0,0.0,7325.0,138819.0,5.2,5.3,1.32,5.7,39.7,2024-01-01,2024-12-31
2025,Egypt,378,2,167035.0,119768.0,47267.0,0.0,4671.0,117976.0,3.9,4.0,1.5,4.7,28.3,2025-01-01,2025-12-31
jan-feb_2023,Egypt,59,1,20298.0,12285.0,8013.0,0.0,679.0,12101.0,5.5,5.6,1.5,4.3,39.5,2023-01-01,2023-02-28
jan-feb_2024,Egypt,66,2,33966.0,20367.0,13599.0,0.0,1173.0,20153.0,5.8,5.8,1.05,5.3,40.0,2024-01-01,2024-02-29
jan-feb_2025,Egypt,59,1,33186.0,20673.0,12513.0,0.0,1084.0,20423.0,5.2,5.3,1.21,5.9,37.7,2025-01-01,2025-02-28
jan-feb_2026,Egypt,59,1,27031.0,16324.0,10707.0,0.0,642.0,16117.0,3.9,4.0,1.27,4.8,39.6,2026-01-01,2026-02-28
main_2023-01_to_2025-07,France,977,2,385612.0,91765.0,293847.0,0.0,22522.0,90697.0,24.5,24.8,1.16,13.8,76.2,2023-01-01,2025-07-31
extended_2023-01_to_2026-02,France,1200,2,537510.0,128123.0,409387.0,0.0,32191.0,126571.0,25.1,25.4,1.21,14.4,76.2,2023-01-01,2026-02-28
2023,France,363,1,112659.0,29139.0,83520.0,0.0,6672.0,28788.0,22.9,23.2,1.2,12.7,74.1,2023-01-01,2023-12-31
2024,France,385,2,136866.0,34081.0,102785.0,0.0,7632.0,33701.0,22.4,22.6,1.11,12.6,75.1,2024-01-01,2024-12-31
2025,France,393,2,242846.0,55679.0,187167.0,0.0,15228.0,54972.0,27.3,27.7,1.27,16.0,77.1,2025-01-01,2025-12-31
jan-feb_2023,France,58,1,18093.0,5152.0,12941.0,0.0,1411.0,5090.0,27.4,27.7,1.2,13.9,71.5,2023-01-01,2023-02-28
jan-feb_2024,France,60,1,21158.0,5110.0,16048.0,0.0,1249.0,5056.0,24.4,24.7,1.06,11.6,75.8,2024-01-01,2024-02-29
jan-feb_2025,France,59,1,36155.0,7890.0,28265.0,0.0,2676.0,7803.0,33.9,34.3,1.1,16.1,78.2,2025-01-01,2025-02-28
jan-feb_2026,France,59,1,45139.0,9224.0,35915.0,0.0,2659.0,9110.0,28.8,29.2,1.24,15.7,79.6,2026-01-01,2026-02-28
main_2023-01_to_2025-07,Germany,2074,4,787012.0,184659.0,602353.0,0.0,26731.0,181903.0,14.5,14.7,1.49,9.8,76.5,2023-01-01,2025-07-31
extended_2023-01_to_2026-02,Germany,2686,4,1059101.0,237642.0,821459.0,0.0,34423.0,234127.0,14.5,14.7,1.48,9.9,77.6,2023-01-01,2026-02-28
2023,Germany,762,3,249967.0,66611.0,183356.0,0.0,8780.0,65613.0,13.2,13.4,1.5,9.7,73.4,2023-01-01,2023-12-31
2024,Germany,796,3,311781.0,73211.0,238570.0,0.0,10809.0,72121.0,14.8,15.0,1.49,9.9,76.5,2024-01-01,2024-12-31
2025,Germany,952,4,424429.0,87057.0,337372.0,0.0,12907.0,85809.0,14.8,15.0,1.43,9.9,79.5,2025-01-01,2025-12-31
jan-feb_2023,Germany,116,2,33893.0,9770.0,24123.0,0.0,1538.0,9618.0,15.7,16.0,1.56,9.7,71.2,2023-01-01,2023-02-28
jan-feb_2024,Germany,146,3,54237.0,11763.0,42474.0,0.0,1934.0,11575.0,16.4,16.7,1.6,9.7,78.3,2024-01-01,2024-02-29
jan-feb_2025,Germany,143,3,63798.0,11192.0,52606.0,0.0,1991.0,10999.0,17.8,18.1,1.72,9.9,82.5,2025-01-01,2025-02-28
jan-feb_2026,Germany,176,3,72924.0,10763.0,62161.0,0.0,1927.0,10584.0,17.9,18.2,1.66,10.2,85.2,2026-01-01,2026-02-28
main_2023-01_to_2025-07,India,8804,12,3960047.0,1008234.0,2951784.0,29.0,58950.0,993709.0,5.8,5.9,1.44,7.7,74.5,2023-01-01,2025-07-31
extended_2023-01_to_2026-02,India,11066,12,5043235.0,1369337.0,3673869.0,29.0,72369.0,1348282.0,5.3,5.4,1.54,7.7,72.8,2023-01-01,2026-02-28
2023,India,2837,9,1227714.0,300915.0,926770.0,29.0,18777.0,297067.0,6.2,6.3,1.28,8.0,75.5,2023-01-01,2023-12-31
2024,India,3703,11,1680538.0,424801.0,1255737.0,0.0,26817.0,418489.0,6.3,6.4,1.49,7.5,74.7,2024-01-01,2024-12-31
2025,India,3899,11,1827229.0,546240.0,1280989.0,0.0,23264.0,537143.0,4.3,4.3,1.67,7.6,70.1,2025-01-01,2025-12-31
jan-feb_2023,India,413,7,164387.0,31083.0,133304.0,0.0,5505.0,30687.0,17.7,17.9,1.27,8.8,81.1,2023-01-01,2023-02-28
jan-feb_2024,India,585,10,277401.0,62058.0,215343.0,0.0,5071.0,61175.0,8.2,8.3,1.42,7.5,77.6,2024-01-01,2024-02-29
jan-feb_2025,India,629,11,305930.0,78609.0,227321.0,0.0,4090.0,77411.0,5.2,5.3,1.52,7.5,74.3,2025-01-01,2025-02-28
jan-feb_2026,India,627,11,307754.0,97381.0,210373.0,0.0,3511.0,95583.0,3.6,3.7,1.85,7.5,68.4,2026-01-01,2026-02-28
main_2023-01_to_2025-07,Ireland,937,1,328916.0,40675.0,288241.0,0.0,5173.0,40028.0,12.7,12.9,1.59,9.6,87.6,2023-01-01,2025-07-31
extended_2023-01_to_2026-02,Ireland,1147,1,428364.0,53994.0,374370.0,0.0,7191.0,53113.0,13.3,13.5,1.63,9.5,87.4,2023-01-01,2026-02-28
2023,Ireland,363,1,110322.0,14917.0,95405.0,0.0,1825.0,14665.0,12.2,12.4,1.69,10.2,86.5,2023-01-01,2023-12-31
2024,Ireland,363,1,137208.0,16321.0,120887.0,0.0,2177.0,16081.0,13.3,13.5,1.47,10.0,88.1,2024-01-01,2024-12-31
2025,Ireland,363,1,154607.0,19514.0,135093.0,0.0,2664.0,19188.0,13.7,13.9,1.67,8.4,87.4,2025-01-01,2025-12-31
jan-feb_2023,Ireland,59,1,17188.0,2362.0,14826.0,0.0,589.0,2325.0,24.9,25.3,1.57,9.8,86.3,2023-01-01,2023-02-28
jan-feb_2024,Ireland,59,1,19420.0,2662.0,16758.0,0.0,407.0,2624.0,15.3,15.5,1.43,11.0,86.3,2024-01-01,2024-02-29
jan-feb_2025,Ireland,58,1,22575.0,2864.0,19711.0,0.0,264.0,2807.0,9.2,9.4,1.99,7.7,87.3,2025-01-01,2025-02-28
jan-feb_2026,Ireland,58,1,26227.0,3242.0,22985.0,0.0,525.0,3179.0,16.2,16.5,1.94,9.8,87.6,2026-01-01,2026-02-28
main_2023-01_to_2025-07,Israel,817,2,194663.0,57253.0,137410.0,0.0,1825.0,56120.0,3.2,3.3,1.98,6.2,70.6,2023-01-01,2025-07-31
extended_2023-01_to_2026-02,Israel,1029,2,347123.0,85461.0,261662.0,0.0,2764.0,83577.0,3.2,3.3,2.2,6.1,75.4,2023-01-01,2026-02-28
2023,Israel,336,1,54326.0,26189.0,28137.0,0.0,1118.0,25771.0,4.3,4.3,1.6,7.6,51.8,2023-01-01,2023-12-31
2024,Israel,281,2,52347.0,9291.0,43056.0,0.0,357.0,9106.0,3.8,3.9,1.99,6.0,82.3,2024-01-01,2024-12-31
2025,Israel,353,2,188849.0,42292.0,146557.0,0.0,944.0,41232.0,2.2,2.3,2.51,5.6,77.6,2025-01-01,2025-12-31
jan-feb_2023,Israel,59,1,9673.0,9673.0,0.0,0.0,503.0,9612.0,5.2,5.2,0.63,6.8,0.0,2023-01-01,2023-02-28
jan-feb_2024,Israel,34,1,4622.0,917.0,3705.0,0.0,10.0,905.0,1.1,1.1,1.31,4.5,80.2,2024-01-01,2024-02-28
jan-feb_2025,Israel,59,1,25904.0,4213.0,21691.0,0.0,67.0,4099.0,1.6,1.6,2.71,4.6,83.7,2025-01-01,2025-02-28
jan-feb_2026,Israel,59,1,51601.0,7689.0,43912.0,0.0,345.0,7468.0,4.5,4.6,2.87,6.0,85.1,2026-01-01,2026-02-28
main_2023-01_to_2025-07,Italy,1879,2,760444.0,183340.0,577104.0,0.0,22639.0,181466.0,12.3,12.5,1.02,9.7,75.9,2023-01-01,2025-07-31
extended_2023-01_to_2026-02,Italy,2303,2,997735.0,227159.0,770576.0,0.0,29680.0,224869.0,13.1,13.2,1.01,9.6,77.2,2023-01-01,2026-02-28
2023,Italy,725,2,218572.0,57957.0,160615.0,0.0,6528.0,57334.0,11.3,11.4,1.07,10.1,73.5,2023-01-01,2023-12-31
2024,Italy,730,2,321145.0,80752.0,240393.0,0.0,9037.0,79965.0,11.2,11.3,0.97,9.4,74.9,2024-01-01,2024-12-31
2025,Italy,730,2,391901.0,77829.0,314072.0,0.0,11957.0,77054.0,15.4,15.5,1.0,9.5,80.1,2025-01-01,2025-12-31
jan-feb_2023,Italy,118,2,30953.0,5576.0,25377.0,0.0,1332.0,5527.0,23.9,24.1,0.88,9.7,82.0,2023-01-01,2023-02-28
jan-feb_2024,Italy,120,2,52832.0,16006.0,36826.0,0.0,1582.0,15870.0,9.9,10.0,0.85,9.2,69.7,2024-01-01,2024-02-29
jan-feb_2025,Italy,118,2,61152.0,13393.0,47759.0,0.0,2021.0,13274.0,15.1,15.2,0.89,9.5,78.1,2025-01-01,2025-02-28
jan-feb_2026,Italy,118,2,66117.0,10621.0,55496.0,0.0,2158.0,10516.0,20.3,20.5,0.99,10.0,83.9,2026-01-01,2026-02-28
main_2023-01_to_2025-07,Japan,1280,2,361514.0,49524.0,311990.0,0.0,12981.0,48969.0,26.2,26.5,1.12,10.5,86.3,2023-01-01,2025-07-31
extended_2023-01_to_2026-02,Japan,1561,2,455333.0,61780.0,393553.0,0.0,15805.0,61118.0,25.6,25.9,1.07,10.5,86.4,2023-01-01,2026-02-28
2023,Japan,400,2,103408.0,14895.0,88513.0,0.0,3672.0,14706.0,24.7,25.0,1.27,9.7,85.6,2023-01-01,2023-12-31
2024,Japan,571,2,160794.0,22050.0,138744.0,0.0,5922.0,21818.0,26.9,27.1,1.05,10.8,86.3,2024-01-01,2024-12-31
2025,Japan,536,2,174951.0,22095.0,152856.0,0.0,5353.0,21879.0,24.2,24.5,0.98,10.8,87.4,2025-01-01,2025-12-31
jan-feb_2023,Japan,54,1,13254.0,2098.0,11156.0,0.0,858.0,2068.0,40.9,41.5,1.43,9.7,84.2,2023-01-01,2023-02-28
jan-feb_2024,Japan,88,2,19849.0,3213.0,16636.0,0.0,1308.0,3187.0,40.7,41.0,0.81,10.8,83.8,2024-01-01,2024-02-29
jan-feb_2025,Japan,75,2,20796.0,3391.0,17405.0,0.0,1152.0,3366.0,34.0,34.2,0.74,10.1,83.7,2025-01-01,2025-02-28
jan-feb_2026,Japan,54,1,16180.0,2740.0,13440.0,0.0,858.0,2715.0,31.3,31.6,0.91,10.4,83.1,2026-01-01,2026-02-28
main_2023-01_to_2025-07,Jordan,932,1,191021.0,135691.0,55330.0,0.0,6436.0,132863.0,4.7,4.8,2.08,5.2,29.0,2023-01-01,2025-07-31
extended_2023-01_to_2026-02,Jordan,1135,1,244001.0,175486.0,68515.0,0.0,7076.0,171601.0,4.0,4.1,2.21,4.4,28.1,2023-01-01,2026-02-27
2023,Jordan,363,1,56613.0,42584.0,14029.0,0.0,2081.0,41763.0,4.9,5.0,1.93,4.8,24.8,2023-01-01,2023-12-31
2024,Jordan,364,1,88457.0,62946.0,25511.0,0.0,2843.0,61536.0,4.5,4.6,2.24,5.5,28.8,2024-01-01,2024-12-31
2025,Jordan,350,1,86134.0,60713.0,25421.0,0.0,2152.0,59229.0,3.5,3.6,2.44,3.8,29.5,2025-01-01,2025-12-31
jan-feb_2023,Jordan,59,1,10106.0,7892.0,2214.0,0.0,388.0,7781.0,4.9,5.0,1.41,4.3,21.9,2023-01-01,2023-02-28
jan-feb_2024,Jordan,59,1,9991.0,8052.0,1939.0,0.0,367.0,7931.0,4.6,4.6,1.5,5.8,19.4,2024-01-01,2024-02-28
jan-feb_2025,Jordan,59,1,16026.0,11231.0,4795.0,0.0,511.0,11053.0,4.5,4.6,1.58,4.9,29.9,2025-01-01,2025-02-28
jan-feb_2026,Jordan,58,1,12797.0,9243.0,3554.0,0.0,0.0,9073.0,0.0,0.0,1.84,0.0,27.8,2026-01-01,2026-02-27
main_2023-01_to_2025-07,Kazakhstan,1,1,69.0,69.0,0.0,0.0,8.0,69.0,11.6,11.6,0.0,5.1,0.0,2024-10-11,2024-10-11
extended_2023-01_to_2026-02,Kazakhstan,1,1,69.0,69.0,0.0,0.0,8.0,69.0,11.6,11.6,0.0,5.1,0.0,2024-10-11,2024-10-11
2024,Kazakhstan,1,1,69.0,69.0,0.0,0.0,8.0,69.0,11.6,11.6,0.0,5.1,0.0,2024-10-11,2024-10-11
main_2023-01_to_2025-07,Kuwait,943,1,354906.0,182781.0,172125.0,0.0,7219.0,180275.0,3.9,4.0,1.37,6.9,48.5,2023-01-01,2025-07-31
extended_2023-01_to_2026-02,Kuwait,1155,1,446216.0,231243.0,214973.0,0.0,9398.0,228085.0,4.1,4.1,1.37,7.4,48.2,2023-01-01,2026-02-28
2023,Kuwait,365,1,111214.0,65390.0,45824.0,0.0,2468.0,64439.0,3.8,3.8,1.45,5.1,41.2,2023-01-01,2023-12-31
2024,Kuwait,366,1,147689.0,67421.0,80268.0,0.0,3038.0,66575.0,4.5,4.6,1.25,7.8,54.3,2024-01-01,2024-12-31
2025,Kuwait,365,1,162557.0,84765.0,77792.0,0.0,3335.0,83590.0,3.9,4.0,1.39,8.3,47.9,2025-01-01,2025-12-31
jan-feb_2023,Kuwait,59,1,15166.0,8919.0,6247.0,0.0,464.0,8791.0,5.2,5.3,1.44,5.6,41.2,2023-01-01,2023-02-28
jan-feb_2024,Kuwait,60,1,27246.0,15309.0,11937.0,0.0,563.0,15095.0,3.7,3.7,1.4,6.6,43.8,2024-01-01,2024-02-29
jan-feb_2025,Kuwait,59,1,24008.0,13120.0,10888.0,0.0,422.0,12957.0,3.2,3.3,1.24,7.5,45.4,2025-01-01,2025-02-28
jan-feb_2026,Kuwait,59,1,24756.0,13667.0,11089.0,0.0,557.0,13481.0,4.1,4.1,1.36,9.9,44.8,2026-01-01,2026-02-28
main_2023-01_to_2025-07,Lebanon,650,1,94292.0,46529.0,47763.0,0.0,2391.0,45870.0,5.1,5.2,1.42,4.9,50.7,2023-01-01,2025-07-31
extended_2023-01_to_2026-02,Lebanon,842,1,128352.0,64126.0,64226.0,0.0,2721.0,63144.0,4.2,4.3,1.53,4.2,50.0,2023-01-01,2026-02-27
2023,Lebanon,318,1,42843.0,21268.0,21575.0,0.0,1073.0,20965.0,5.0,5.1,1.42,4.9,50.4,2023-01-01,2023-12-31
2024,Lebanon,189,1,29486.0,14997.0,14489.0,0.0,703.0,14800.0,4.7,4.8,1.31,4.9,49.1,2024-01-01,2024-12-28
2025,Lebanon,280,1,47425.0,23261.0,24164.0,0.0,903.0,22845.0,3.9,4.0,1.79,3.8,51.0,2025-01-01,2025-12-31
jan-feb_2023,Lebanon,56,1,7831.0,3951.0,3880.0,0.0,282.0,3901.0,7.1,7.2,1.27,4.7,49.5,2023-01-01,2023-02-28
jan-feb_2024,Lebanon,26,1,4016.0,2554.0,1462.0,0.0,91.0,2525.0,3.6,3.6,1.14,4.8,36.4,2024-01-01,2024-02-27
jan-feb_2025,Lebanon,31,1,3822.0,1866.0,1956.0,0.0,96.0,1833.0,5.1,5.2,1.77,5.3,51.2,2025-01-01,2025-02-27
jan-feb_2026,Lebanon,55,1,8598.0,4600.0,3998.0,0.0,42.0,4534.0,0.9,0.9,1.43,1.3,46.5,2026-01-01,2026-02-27
main_2023-01_to_2025-07,Netherlands,940,1,281658.0,50846.0,230812.0,0.0,9262.0,50238.0,18.2,18.4,1.2,10.0,81.9,2023-01-01,2025-07-31
extended_2023-01_to_2026-02,Netherlands,1151,1,361011.0,65286.0,295725.0,0.0,12218.0,64464.0,18.7,19.0,1.26,10.3,81.9,2023-01-01,2026-02-28
2023,Netherlands,365,1,98789.0,19930.0,78859.0,0.0,3289.0,19705.0,16.5,16.7,1.13,9.7,79.8,2023-01-01,2023-12-31
2024,Netherlands,364,1,111479.0,18727.0,92752.0,0.0,3545.0,18513.0,18.9,19.1,1.14,9.8,83.2,2024-01-01,2024-12-31
2025,Netherlands,363,1,126421.0,23002.0,103419.0,0.0,4687.0,22654.0,20.4,20.7,1.51,11.2,81.8,2025-01-01,2025-12-31
jan-feb_2023,Netherlands,59,1,15145.0,3785.0,11360.0,0.0,862.0,3728.0,22.8,23.1,1.51,9.7,75.0,2023-01-01,2023-02-28
jan-feb_2024,Netherlands,60,1,18128.0,3135.0,14993.0,0.0,663.0,3091.0,21.1,21.4,1.4,9.9,82.7,2024-01-01,2024-02-29
jan-feb_2025,Netherlands,59,1,20446.0,3370.0,17076.0,0.0,701.0,3319.0,20.8,21.1,1.51,10.6,83.5,2025-01-01,2025-02-28
jan-feb_2026,Netherlands,59,1,24322.0,3627.0,20695.0,0.0,697.0,3592.0,19.2,19.4,0.96,10.8,85.1,2026-01-01,2026-02-28
main_2023-01_to_2025-07,Oman,935,1,354762.0,170742.0,184020.0,0.0,5091.0,168939.0,3.0,3.0,1.06,6.9,51.9,2023-01-01,2025-07-31
extended_2023-01_to_2026-02,Oman,1147,1,460699.0,213295.0,247404.0,0.0,6069.0,211035.0,2.8,2.9,1.06,6.5,53.7,2023-01-01,2026-02-28
2023,Oman,363,1,92180.0,46295.0,45885.0,0.0,1454.0,45846.0,3.1,3.2,0.97,5.1,49.8,2023-01-01,2023-12-31
2024,Oman,360,1,165835.0,82345.0,83490.0,0.0,2571.0,81451.0,3.1,3.2,1.09,8.0,50.3,2024-01-01,2024-12-31
2025,Oman,365,1,172593.0,73282.0,99311.0,0.0,1776.0,72470.0,2.4,2.5,1.11,6.3,57.5,2025-01-01,2025-12-31
jan-feb_2023,Oman,59,1,13603.0,5209.0,8394.0,0.0,300.0,5172.0,5.8,5.8,0.71,4.8,61.7,2023-01-01,2023-02-28
jan-feb_2024,Oman,56,1,22580.0,13568.0,9012.0,0.0,434.0,13415.0,3.2,3.2,1.13,7.8,39.9,2024-01-01,2024-02-29
jan-feb_2025,Oman,59,1,30078.0,11895.0,18183.0,0.0,368.0,11806.0,3.1,3.1,0.75,7.2,60.5,2025-01-01,2025-02-28
jan-feb_2026,Oman,59,1,30091.0,11373.0,18718.0,0.0,268.0,11268.0,2.4,2.4,0.92,5.3,62.2,2026-01-01,2026-02-28
main_2023-01_to_2025-07,Philippines,943,1,576203.0,150401.0,425802.0,0.0,6810.0,148339.0,4.5,4.6,1.37,9.0,73.9,2023-01-01,2025-07-31
extended_2023-01_to_2026-02,Philippines,1155,1,702248.0,188472.0,513773.0,3.0,8587.0,185974.0,4.6,4.6,1.33,9.0,73.2,2023-01-01,2026-02-28
2023,Philippines,365,1,214684.0,57574.0,157110.0,0.0,2292.0,56761.0,4.0,4.0,1.41,9.6,73.2,2023-01-01,2023-12-31
2024,Philippines,366,1,239822.0,62547.0,177275.0,0.0,3461.0,61688.0,5.5,5.6,1.37,9.0,73.9,2024-01-01,2024-12-31
2025,Philippines,365,1,211384.0,57055.0,154326.0,3.0,2438.0,56347.0,4.3,4.3,1.24,8.4,73.0,2025-01-01,2025-12-31
jan-feb_2023,Philippines,59,1,33380.0,11162.0,22218.0,0.0,1144.0,11001.0,10.2,10.4,1.44,9.7,66.6,2023-01-01,2023-02-28
jan-feb_2024,Philippines,60,1,39673.0,9767.0,29906.0,0.0,462.0,9636.0,4.7,4.8,1.34,8.8,75.4,2024-01-01,2024-02-29
jan-feb_2025,Philippines,59,1,38381.0,9593.0,28788.0,0.0,282.0,9477.0,2.9,3.0,1.21,7.8,75.0,2025-01-01,2025-02-28
jan-feb_2026,Philippines,59,1,36358.0,11296.0,25062.0,0.0,396.0,11178.0,3.5,3.5,1.04,8.8,68.9,2026-01-01,2026-02-28
main_2023-01_to_2025-07,Poland,34,1,9285.0,1612.0,7673.0,0.0,416.0,1591.0,25.8,26.1,1.3,9.7,82.6,2025-06-03,2025-07-31
extended_2023-01_to_2026-02,Poland,183,1,51039.0,8750.0,42289.0,0.0,1846.0,8642.0,21.1,21.4,1.23,9.7,82.9,2025-06-03,2026-02-27
2025,Poland,133,1,37074.0,6738.0,30336.0,0.0,1449.0,6650.0,21.5,21.8,1.31,9.7,81.8,2025-06-03,2025-12-31
jan-feb_2026,Poland,50,1,13965.0,2012.0,11953.0,0.0,397.0,1992.0,19.7,19.9,0.99,9.7,85.6,2026-01-01,2026-02-27
main_2023-01_to_2025-07,Qatar,943,1,397482.0,117734.0,279748.0,0.0,7077.0,116224.0,6.0,6.1,1.28,6.1,70.4,2023-01-01,2025-07-31
extended_2023-01_to_2026-02,Qatar,1155,1,487591.0,146783.0,340808.0,0.0,8691.0,144934.0,5.9,6.0,1.26,6.2,69.9,2023-01-01,2026-02-28
2023,Qatar,365,1,128946.0,37632.0,91314.0,0.0,1980.0,37122.0,5.3,5.3,1.36,5.1,70.8,2023-01-01,2023-12-31
2024,Qatar,366,1,172946.0,47005.0,125941.0,0.0,3292.0,46395.0,7.0,7.1,1.3,6.8,72.8,2024-01-01,2024-12-31
2025,Qatar,365,1,160838.0,53447.0,107391.0,0.0,2947.0,52829.0,5.5,5.6,1.16,6.4,66.8,2025-01-01,2025-12-31
jan-feb_2023,Qatar,59,1,12669.0,4901.0,7768.0,0.0,330.0,4835.0,6.7,6.8,1.35,4.9,61.3,2023-01-01,2023-02-28
jan-feb_2024,Qatar,60,1,25528.0,9412.0,16116.0,0.0,634.0,9309.0,6.7,6.8,1.09,6.5,63.1,2024-01-01,2024-02-29
jan-feb_2025,Qatar,59,1,26161.0,14739.0,11422.0,0.0,685.0,14578.0,4.6,4.7,1.09,6.6,43.7,2025-01-01,2025-02-28
jan-feb_2026,Qatar,59,1,24861.0,8699.0,16162.0,0.0,472.0,8588.0,5.4,5.5,1.28,6.6,65.0,2026-01-01,2026-02-28
main_2023-01_to_2025-07,Russian Federation,1157,3,369827.0,108954.0,260873.0,0.0,17526.0,107431.0,16.1,16.3,1.4,9.6,70.5,2023-01-01,2025-07-31
extended_2023-01_to_2026-02,Russian Federation,1579,4,548987.0,161556.0,387431.0,0.0,24041.0,159409.0,14.9,15.1,1.33,9.3,70.6,2023-01-01,2026-02-28
2023,Russian Federation,386,2,101203.0,26421.0,74782.0,0.0,3964.0,26035.0,15.0,15.2,1.46,9.7,73.9,2023-01-01,2023-12-31
2024,Russian Federation,493,2,143066.0,52212.0,90854.0,0.0,8051.0,51498.0,15.4,15.6,1.37,9.7,63.5,2024-01-01,2024-12-31
2025,Russian Federation,545,4,246529.0,66859.0,179670.0,0.0,10085.0,65988.0,15.1,15.3,1.3,9.2,72.9,2025-01-01,2025-12-31
jan-feb_2023,Russian Federation,59,1,21204.0,3171.0,18033.0,0.0,664.0,3129.0,20.9,21.2,1.32,9.7,85.0,2023-01-01,2023-02-28
jan-feb_2024,Russian Federation,86,2,21377.0,7188.0,14189.0,0.0,1007.0,7102.0,14.0,14.2,1.2,9.7,66.4,2024-01-01,2024-02-29
jan-feb_2025,Russian Federation,84,2,37027.0,8645.0,28382.0,0.0,1558.0,8557.0,18.0,18.2,1.02,9.7,76.7,2025-01-01,2025-02-28
jan-feb_2026,Russian Federation,155,4,58189.0,16064.0,42125.0,0.0,1941.0,15888.0,12.1,12.2,1.1,8.5,72.4,2026-01-01,2026-02-28
main_2023-01_to_2025-07,Saudi Arabia,3076,5,1431666.0,432884.0,998782.0,0.0,21507.0,428022.0,5.0,5.0,1.12,6.1,69.8,2023-01-01,2025-07-31
extended_2023-01_to_2026-02,Saudi Arabia,3867,5,1824119.0,562056.0,1262063.0,0.0,27099.0,555634.0,4.8,4.9,1.14,6.3,69.2,2023-01-01,2026-02-28
2023,Saudi Arabia,1129,4,450978.0,146158.0,304820.0,0.0,7418.0,144422.0,5.1,5.1,1.19,5.2,67.6,2023-01-01,2023-12-31
2024,Saudi Arabia,1207,4,611594.0,176541.0,435053.0,0.0,10325.0,174649.0,5.8,5.9,1.07,6.9,71.1,2024-01-01,2024-12-31
2025,Saudi Arabia,1279,5,647195.0,201937.0,445258.0,0.0,7709.0,199552.0,3.8,3.9,1.18,6.3,68.8,2025-01-01,2025-12-31
jan-feb_2023,Saudi Arabia,210,4,65652.0,21523.0,44129.0,0.0,1652.0,21268.0,7.7,7.8,1.18,4.9,67.2,2023-01-01,2023-02-28
jan-feb_2024,Saudi Arabia,180,3,86404.0,34882.0,51522.0,0.0,2431.0,34456.0,7.0,7.1,1.22,7.0,59.6,2024-01-01,2024-02-29
jan-feb_2025,Saudi Arabia,211,4,99026.0,38572.0,60454.0,0.0,1333.0,38133.0,3.5,3.5,1.14,6.2,61.0,2025-01-01,2025-02-28
jan-feb_2026,Saudi Arabia,252,5,114352.0,37420.0,76932.0,0.0,1647.0,37011.0,4.4,4.5,1.09,7.3,67.3,2026-01-01,2026-02-28
main_2023-01_to_2025-07,South Korea,928,1,295015.0,66307.0,228708.0,0.0,12170.0,66038.0,18.4,18.4,0.41,9.7,77.5,2023-01-01,2025-07-31
extended_2023-01_to_2026-02,South Korea,1138,1,384408.0,85117.0,299291.0,0.0,15426.0,84775.0,18.1,18.2,0.4,9.7,77.9,2023-01-01,2026-02-28
2023,South Korea,360,1,99634.0,26124.0,73510.0,0.0,4278.0,26009.0,16.4,16.4,0.44,9.7,73.8,2023-01-01,2023-12-31
2024,South Korea,359,1,116502.0,25435.0,91067.0,0.0,5375.0,25331.0,21.1,21.2,0.41,9.7,78.2,2024-01-01,2024-12-31
2025,South Korea,360,1,143782.0,28197.0,115585.0,0.0,4721.0,28086.0,16.7,16.8,0.39,9.7,80.4,2025-01-01,2025-12-31
jan-feb_2023,South Korea,55,1,18506.0,6052.0,12454.0,0.0,1192.0,6031.0,19.7,19.8,0.35,9.8,67.3,2023-01-01,2023-02-28
jan-feb_2024,South Korea,58,1,13859.0,4716.0,9143.0,0.0,932.0,4701.0,19.8,19.8,0.32,9.7,66.0,2024-01-01,2024-02-29
jan-feb_2025,South Korea,57,1,20058.0,5629.0,14429.0,0.0,1021.0,5611.0,18.1,18.2,0.32,9.7,71.9,2025-01-01,2025-02-28
jan-feb_2026,South Korea,59,1,24490.0,5361.0,19129.0,0.0,1052.0,5349.0,19.6,19.7,0.22,9.7,78.1,2026-01-01,2026-02-28
main_2023-01_to_2025-07,Spain,1964,3,676606.0,106838.0,569768.0,0.0,20429.0,105711.0,19.1,19.3,1.05,9.7,84.2,2023-01-01,2025-07-31
extended_2023-01_to_2026-02,Spain,2433,3,934074.0,149848.0,784226.0,0.0,28223.0,148273.0,18.8,19.0,1.05,9.7,84.0,2023-01-01,2026-02-28
2023,Spain,734,3,210722.0,32061.0,178661.0,0.0,5862.0,31707.0,18.3,18.5,1.1,9.7,84.8,2023-01-01,2023-12-31
2024,Spain,773,3,285949.0,43513.0,242436.0,0.0,8773.0,43046.0,20.2,20.4,1.07,9.7,84.8,2024-01-01,2024-12-31
2025,Spain,808,3,372657.0,65112.0,307545.0,0.0,11640.0,64451.0,17.9,18.1,1.02,9.7,82.5,2025-01-01,2025-12-31
jan-feb_2023,Spain,106,2,29262.0,4426.0,24836.0,0.0,1195.0,4381.0,27.0,27.3,1.02,9.7,84.9,2023-01-01,2023-02-28
jan-feb_2024,Spain,119,2,41731.0,6834.0,34897.0,0.0,1328.0,6773.0,19.4,19.6,0.89,9.7,83.6,2024-01-01,2024-02-29
jan-feb_2025,Spain,118,2,46128.0,7611.0,38517.0,0.0,1442.0,7529.0,18.9,19.2,1.08,9.7,83.5,2025-01-01,2025-02-28
jan-feb_2026,Spain,118,2,64746.0,9162.0,55584.0,0.0,1948.0,9069.0,21.3,21.5,1.02,9.7,85.8,2026-01-01,2026-02-28
main_2023-01_to_2025-07,Switzerland,1751,2,431074.0,76807.0,354267.0,0.0,15952.0,75645.0,20.8,21.1,1.51,12.2,82.2,2023-01-01,2025-07-31
extended_2023-01_to_2026-02,Switzerland,2174,2,588492.0,105581.0,482911.0,0.0,21518.0,104036.0,20.4,20.7,1.46,12.0,82.1,2023-01-01,2026-02-28
2023,Switzerland,612,2,135862.0,26934.0,108928.0,0.0,5151.0,26491.0,19.1,19.4,1.64,11.9,80.2,2023-01-01,2023-12-31
2024,Switzerland,720,2,170955.0,29843.0,141112.0,0.0,6603.0,29428.0,22.1,22.4,1.39,12.4,82.5,2024-01-01,2024-12-31
2025,Switzerland,725,2,235320.0,41436.0,193884.0,0.0,8129.0,40845.0,19.6,19.9,1.43,11.9,82.4,2025-01-01,2025-12-31
jan-feb_2023,Switzerland,93,2,21903.0,4404.0,17499.0,0.0,1048.0,4329.0,23.8,24.2,1.7,12.1,79.9,2023-01-01,2023-02-28
jan-feb_2024,Switzerland,120,2,27277.0,5557.0,21720.0,0.0,1254.0,5483.0,22.6,22.9,1.33,12.1,79.6,2024-01-01,2024-02-29
jan-feb_2025,Switzerland,114,2,31384.0,6348.0,25036.0,0.0,1352.0,6257.0,21.3,21.6,1.43,12.5,79.8,2025-01-01,2025-02-28
jan-feb_2026,Switzerland,117,2,46355.0,7368.0,38987.0,0.0,1635.0,7272.0,22.2,22.5,1.3,11.4,84.1,2026-01-01,2026-02-28
main_2023-01_to_2025-07,Turkey,996,2,274016.0,103189.0,170827.0,0.0,9509.0,101716.0,9.2,9.3,1.43,6.9,62.3,2023-01-01,2025-07-31
extended_2023-01_to_2026-02,Turkey,1220,2,338171.0,132884.0,205287.0,0.0,11118.0,130973.0,8.4,8.5,1.44,6.5,60.7,2023-01-01,2026-02-27
2023,Turkey,358,1,82223.0,31861.0,50362.0,0.0,3154.0,31377.0,9.9,10.1,1.52,6.7,61.3,2023-01-01,2023-12-31
2024,Turkey,406,2,122368.0,46319.0,76049.0,0.0,4462.0,45648.0,9.6,9.8,1.45,7.5,62.1,2024-01-01,2024-12-31
2025,Turkey,398,2,121841.0,50038.0,71803.0,0.0,3186.0,49343.0,6.4,6.5,1.39,5.5,58.9,2025-01-01,2025-12-31
jan-feb_2023,Turkey,59,1,13677.0,4097.0,9580.0,0.0,794.0,4032.0,19.4,19.7,1.59,7.3,70.0,2023-01-01,2023-02-28
jan-feb_2024,Turkey,60,1,16607.0,7044.0,9563.0,0.0,659.0,6945.0,9.4,9.5,1.41,7.6,57.6,2024-01-01,2024-02-29
jan-feb_2025,Turkey,59,1,21111.0,7517.0,13594.0,0.0,630.0,7430.0,8.4,8.5,1.16,6.7,64.4,2025-01-01,2025-02-28
jan-feb_2026,Turkey,58,1,11739.0,4666.0,7073.0,0.0,316.0,4605.0,6.8,6.9,1.31,4.4,60.3,2026-01-01,2026-02-27
main_2023-01_to_2025-07,United Kingdom,1882,2,1578601.0,391915.0,1186686.0,0.0,84377.0,386669.0,21.5,21.8,1.34,13.7,75.2,2023-01-01,2025-07-31
extended_2023-01_to_2026-02,United Kingdom,2306,2,2050093.0,510228.0,1539865.0,0.0,109296.0,503203.0,21.4,21.7,1.38,13.7,75.1,2023-01-01,2026-02-28
2023,United Kingdom,728,2,537350.0,142276.0,395074.0,0.0,30149.0,140333.0,21.2,21.5,1.37,12.7,73.5,2023-01-01,2023-12-31
2024,United Kingdom,730,2,641775.0,158967.0,482808.0,0.0,34996.0,156904.0,22.0,22.3,1.3,14.6,75.2,2024-01-01,2024-12-31
2025,United Kingdom,730,2,739096.0,178770.0,560326.0,0.0,37830.0,176283.0,21.2,21.5,1.39,13.7,75.8,2025-01-01,2025-12-31
jan-feb_2023,United Kingdom,117,2,80945.0,21847.0,59098.0,0.0,5055.0,21498.0,23.1,23.5,1.6,11.1,73.0,2023-01-01,2023-02-28
jan-feb_2024,United Kingdom,120,2,113993.0,25781.0,88212.0,0.0,6611.0,25429.0,25.6,26.0,1.37,15.5,77.4,2024-01-01,2024-02-29
jan-feb_2025,United Kingdom,118,2,112415.0,25983.0,86432.0,0.0,5838.0,25591.0,22.5,22.8,1.51,13.4,76.9,2025-01-01,2025-02-28
jan-feb_2026,United Kingdom,118,2,131872.0,30215.0,101657.0,0.0,6321.0,29683.0,20.9,21.3,1.76,13.7,77.1,2026-01-01,2026-02-28
main_2023-01_to_2025-07,United States of America,3230,8,1171869.0,125379.0,1046490.0,0.0,49273.0,123916.0,39.3,39.8,1.17,12.6,89.3,2023-01-01,2025-07-31
extended_2023-01_to_2026-02,United States of America,4239,9,1530386.0,164693.0,1365693.0,0.0,63844.0,162853.0,38.8,39.2,1.12,12.4,89.2,2023-01-01,2026-02-28
2023,United States of America,1093,5,385559.0,43895.0,341664.0,0.0,16707.0,43345.0,38.1,38.5,1.25,11.9,88.6,2023-01-01,2023-12-31
2024,United States of America,1277,5,478831.0,50059.0,428772.0,0.0,20602.0,49487.0,41.2,41.6,1.14,12.9,89.5,2024-01-01,2024-12-31
2025,United States of America,1583,6,563573.0,61000.0,502573.0,0.0,22309.0,60370.0,36.6,37.0,1.03,12.4,89.2,2025-01-01,2025-12-31
jan-feb_2023,United States of America,175,3,60411.0,6959.0,53452.0,0.0,3444.0,6857.0,49.5,50.2,1.47,12.3,88.5,2023-01-01,2023-02-28
jan-feb_2024,United States of America,179,3,65444.0,7147.0,58297.0,0.0,2931.0,7064.0,41.0,41.5,1.16,11.7,89.1,2024-01-01,2024-02-29
jan-feb_2025,United States of America,236,4,89859.0,8526.0,81333.0,0.0,3680.0,8424.0,43.2,43.7,1.2,13.2,90.5,2025-01-01,2025-02-28
jan-feb_2026,United States of America,286,5,102423.0,9739.0,92684.0,0.0,4226.0,9651.0,43.4,43.8,0.9,11.9,90.5,2026-01-01,2026-02-28
