nationality,residence_group,guests,arrivals,guest_nights_per_arrival,thu_fri_arrival_pct,same_day_guest_pct,same_day_missing_pct
OMAN,International,393445.0,244482.0,1.61,37.4,1.4,8.0
QATAR,International,240201.0,112569.0,2.13,35.6,1.6,26.0
CHINA,International,1268031.0,563639.0,2.25,28.1,0.1,61.0
SAUDI ARABIA,International,1267576.0,518018.0,2.45,32.3,0.8,6.0
DOMESTIC,Domestic,23199581.0,9447192.0,2.46,31.1,0.9,0.0
ISRAEL,International,509301.0,180983.0,2.81,29.4,0.2,80.0
BAHRAIN,International,266984.0,89927.0,2.97,32.6,0.3,69.0
UZBEKISTAN,International,244940.0,80561.0,3.04,30.9,0.9,36.0
SOUTH KOREA,International,270494.0,88051.0,3.07,26.8,0.4,76.0
POLAND,International,291049.0,91464.0,3.18,29.1,0.2,80.0
PAKISTAN,International,326908.0,101401.0,3.22,30.1,1.8,13.0
KUWAIT,International,785177.0,240896.0,3.26,31.4,0.2,52.0
AUSTRALIA,International,331571.0,101327.0,3.27,29.5,1.0,38.0
INDIA,International,3258675.0,962694.0,3.38,30.2,0.5,0.0
TURKEY,International,218506.0,64490.0,3.39,28.5,0.4,77.0
MEXICO,International,82494.0,23707.0,3.48,31.9,0.2,94.0
ROMANIA,International,264267.0,75748.0,3.49,31.4,0.2,81.0
PHILIPPINES,International,417156.0,118783.0,3.51,31.6,0.8,25.0
AZERBAIJAN,International,124378.0,34918.0,3.56,31.0,0.2,91.0
MOROCCO,International,168979.0,47057.0,3.59,29.0,1.4,31.0
FRANCE,International,868063.0,238730.0,3.64,27.2,0.2,49.0
CZECHIA,International,116321.0,31924.0,3.64,31.2,0.2,92.0
BELGIUM,International,169588.0,45460.0,3.73,26.9,0.3,81.0
ITALY,International,774428.0,202438.0,3.83,28.0,0.3,48.0
JAPAN,International,148282.0,38497.0,3.85,26.9,0.3,84.0
NETHERLANDS,International,271327.0,70432.0,3.85,27.8,0.4,64.0
KAZAKHSTAN,International,646099.0,166882.0,3.87,29.2,0.2,68.0
CANADA,International,374046.0,95414.0,3.92,29.3,0.3,64.0
UNITED STATES OF AMERICA,International,1295680.0,326985.0,3.96,28.3,0.3,31.0
IRELAND,International,181106.0,45596.0,3.97,32.6,0.4,76.0
BRAZIL,International,185338.0,45718.0,4.05,29.5,0.2,87.0
NORWAY,International,47779.0,11314.0,4.22,27.1,0.3,93.0
SWITZERLAND,International,261883.0,61982.0,4.23,26.5,0.2,80.0
JORDAN,International,373361.0,88104.0,4.24,31.2,0.4,47.0
DENMARK,International,61037.0,14340.0,4.26,28.4,0.2,94.0
SPAIN,International,340305.0,79456.0,4.28,28.1,0.4,64.0
SOUTH AFRICA,International,241884.0,56058.0,4.31,30.9,0.3,81.0
AUSTRIA,International,205591.0,46542.0,4.42,27.9,0.2,83.0
LEBANON,International,194642.0,43172.0,4.51,29.6,0.2,76.0
UNITED KINGDOM,International,2694872.0,551703.0,4.88,30.0,0.2,20.0
FINLAND,International,45971.0,9335.0,4.92,25.7,0.2,95.0
ARMENIA,International,370463.0,74363.0,4.98,32.8,0.1,92.0
EGYPT,International,860328.0,172194.0,5.0,30.5,0.5,15.0
RUSSIAN FEDERATION,International,2561261.0,511393.0,5.01,29.5,0.2,30.0
GERMANY,International,1293144.0,256735.0,5.04,26.7,0.2,48.0
SWEDEN,International,116201.0,22632.0,5.13,24.8,0.2,89.0
