nationality,group,basis,note
OMAN,short,gcc_weekend_signature,
QATAR,short,gcc_weekend_signature,
CHINA,long,long_haul_default,"candidate, not grouped: low turnover but flat weekday profile (Thu/Fri 28.1%); needs the kernel-shape test before moving"
SAUDI ARABIA,short,gcc_weekend_signature,
DOMESTIC,short,domestic,
ISRAEL,long,long_haul_default,
BAHRAIN,short,gcc_weekend_signature,kept: GCC + Thu/Fri 32.6%; ratio overlaps the 2.8-3.3 band
UZBEKISTAN,long,long_haul_default,
SOUTH KOREA,long,long_haul_default,
POLAND,long,long_haul_default,
PAKISTAN,long,long_haul_default,
KUWAIT,short,gcc_weekend_signature,kept: GCC + Thu/Fri 31.4%; ratio overlaps the 2.8-3.3 band
AUSTRALIA,long,long_haul_default,
INDIA,long,long_haul_default,
TURKEY,long,long_haul_default,
MEXICO,long,long_haul_default,
ROMANIA,long,long_haul_default,
PHILIPPINES,long,long_haul_default,
AZERBAIJAN,long,long_haul_default,
MOROCCO,long,long_haul_default,
FRANCE,long,long_haul_default,
CZECHIA,long,long_haul_default,
BELGIUM,long,long_haul_default,
ITALY,long,long_haul_default,
JAPAN,long,long_haul_default,
NETHERLANDS,long,long_haul_default,
KAZAKHSTAN,long,long_haul_default,
CANADA,long,long_haul_default,
UNITED STATES OF AMERICA,long,long_haul_default,
IRELAND,long,long_haul_default,
BRAZIL,long,long_haul_default,
NORWAY,long,long_haul_default,
SWITZERLAND,long,long_haul_default,
JORDAN,long,long_haul_default,
DENMARK,long,long_haul_default,
SPAIN,long,long_haul_default,
SOUTH AFRICA,long,long_haul_default,
AUSTRIA,long,long_haul_default,
LEBANON,long,long_haul_default,
UNITED KINGDOM,long,long_haul_default,
FINLAND,long,long_haul_default,
ARMENIA,long,long_haul_default,
EGYPT,long,long_haul_default,
RUSSIAN FEDERATION,long,long_haul_default,
GERMANY,long,long_haul_default,
SWEDEN,long,long_haul_default,
