departure_origin,departure_city,n_route_days,n_cities,total_pax,p2p_pax,transfer_pax,transit_pax,premium_p2p_pax,classified_p2p_pax,premium_p2p_share_pct,premium_classified_share_pct,unclassified_p2p_pct,premium_seat_share_pct,transfer_share_pct,first_date,last_date
Austria,Vienna,845,1,242430.0,72646.0,169784.0,0.0,9143.0,71391.0,12.6,12.8,1.73,10.0,70.0,2023-01-01,2025-07-31
Azerbaijan,Baku,1,1,55.0,55.0,0.0,0.0,8.0,55.0,14.5,14.5,0.0,5.1,0.0,2023-03-01,2023-03-01
Bahrain,Bahrain,940,1,277282.0,104839.0,172443.0,0.0,5294.0,103313.0,5.0,5.1,1.46,7.0,62.2,2023-01-01,2025-07-31
Belgium,Brussels,836,1,228317.0,34809.0,193508.0,0.0,6530.0,34354.0,18.8,19.0,1.31,9.9,84.8,2023-01-01,2025-07-31
Canada,Toronto,917,1,322609.0,31713.0,290896.0,0.0,9081.0,31163.0,28.6,29.1,1.73,11.2,90.2,2023-01-01,2025-07-31
China,Beijing,530,1,116885.0,29708.0,87177.0,0.0,3960.0,29638.0,13.3,13.4,0.24,9.9,74.6,2023-01-05,2025-07-31
China,Shanghai,458,1,109964.0,28772.0,81192.0,0.0,3522.0,28695.0,12.2,12.3,0.27,9.7,73.8,2023-01-03,2025-04-29
China,Guangzhou,162,1,27532.0,6819.0,20713.0,0.0,1142.0,6800.0,16.7,16.8,0.28,11.3,75.2,2023-01-01,2024-02-21
Egypt,Cairo,943,1,458124.0,281232.0,176892.0,0.0,12446.0,277355.0,4.4,4.5,1.38,5.2,38.6,2023-01-01,2025-07-31
Egypt,El Arish,17,1,2769.0,2769.0,0.0,0.0,584.0,2743.0,21.1,21.3,0.94,10.9,0.0,2023-11-21,2024-05-16
Egypt,Dabah,5,1,505.0,471.0,34.0,0.0,76.0,464.0,16.1,16.4,1.49,9.4,6.7,2024-12-23,2025-07-31
France,Paris,933,1,374599.0,88611.0,285988.0,0.0,21992.0,87584.0,24.8,25.1,1.16,14.0,76.3,2023-01-01,2025-07-31
France,Nice,44,1,11013.0,3154.0,7859.0,0.0,530.0,3113.0,16.8,17.0,1.3,9.7,71.4,2024-06-15,2025-07-30
Germany,Frankfurt,941,1,407939.0,95598.0,312341.0,0.0,12781.0,94264.0,13.4,13.6,1.4,9.8,76.6,2023-01-01,2025-07-31
Germany,Munich,934,1,329080.0,79904.0,249176.0,0.0,12313.0,78679.0,15.4,15.6,1.53,9.9,75.7,2023-01-01,2025-07-31
Germany,Dusseldorf,198,1,49924.0,9088.0,40836.0,0.0,1622.0,8891.0,17.8,18.2,2.17,9.7,81.8,2023-09-28,2025-07-31
Germany,Finkenwerder,1,1,69.0,69.0,0.0,0.0,15.0,69.0,21.7,21.7,0.0,10.0,0.0,2025-07-25,2025-07-25
India,Mumbai,943,1,768516.0,247313.0,521174.0,29.0,17550.0,244891.0,7.1,7.2,0.98,9.8,67.8,2023-01-01,2025-07-31
India,Delhi,943,1,793342.0,172594.0,620748.0,0.0,15883.0,170464.0,9.2,9.3,1.23,9.2,78.2,2023-01-01,2025-07-31
India,Kochi,943,1,442723.0,108570.0,334153.0,0.0,4635.0,106351.0,4.3,4.4,2.04,4.6,75.5,2023-01-01,2025-07-31
India,Bengaluru,943,1,416686.0,108432.0,308254.0,0.0,4528.0,106863.0,4.2,4.2,1.45,8.0,74.0,2023-01-01,2025-07-31
India,Chennai,943,1,417307.0,108329.0,308978.0,0.0,3791.0,106915.0,3.5,3.5,1.31,5.7,74.0,2023-01-01,2025-07-31
India,Hyderabad,943,1,418412.0,66838.0,351574.0,0.0,4783.0,65529.0,7.2,7.3,1.96,9.5,84.0,2023-01-01,2025-07-31
India,Ahmedabad,936,1,302673.0,50524.0,252149.0,0.0,1853.0,49896.0,3.7,3.7,1.24,5.9,83.3,2023-01-01,2025-07-31
India,Kozhikode,509,1,94500.0,46330.0,48170.0,0.0,1951.0,44918.0,4.2,4.3,3.05,4.7,51.0,2024-01-01,2025-07-31
India,Trivandrum,539,1,123187.0,43509.0,79678.0,0.0,1604.0,42699.0,3.7,3.8,1.86,4.6,64.7,2024-01-01,2025-07-31
India,Kolkata,856,1,122152.0,30885.0,91267.0,0.0,1323.0,30595.0,4.3,4.3,0.94,5.1,74.7,2023-03-27,2025-07-31
India,Jaipur,296,1,58074.0,24285.0,33789.0,0.0,1039.0,23967.0,4.3,4.3,1.31,5.2,58.2,2024-06-16,2025-07-30
India,Akola,10,1,2475.0,625.0,1850.0,0.0,10.0,621.0,1.6,1.6,0.64,4.1,74.7,2023-11-01,2023-11-15
Ireland,Dublin,937,1,328916.0,40675.0,288241.0,0.0,5173.0,40028.0,12.7,12.9,1.59,9.6,87.6,2023-01-01,2025-07-31
Israel,Tel Aviv,812,1,193543.0,56133.0,137410.0,0.0,1626.0,55024.0,2.9,3.0,1.98,6.1,71.0,2023-01-01,2025-07-31
Israel,Eilat,5,1,1120.0,1120.0,0.0,0.0,199.0,1096.0,17.8,18.2,2.14,10.8,0.0,2024-07-31,2025-05-14
Italy,Rome,942,1,417508.0,116211.0,301297.0,0.0,10357.0,115109.0,8.9,9.0,0.95,9.5,72.2,2023-01-01,2025-07-31
Italy,MIlan,937,1,342936.0,67129.0,275807.0,0.0,12282.0,66357.0,18.3,18.5,1.15,9.9,80.4,2023-01-01,2025-07-31
Japan,Tokyo,860,1,266692.0,37444.0,229248.0,0.0,9362.0,37036.0,25.0,25.3,1.09,10.8,86.0,2023-01-01,2025-07-31
Japan,Osaka-Kansai,420,1,94822.0,12080.0,82742.0,0.0,3619.0,11933.0,30.0,30.3,1.22,9.7,87.3,2023-10-02,2025-07-31
Jordan,Amman,932,1,191021.0,135691.0,55330.0,0.0,6436.0,132863.0,4.7,4.8,2.08,5.2,29.0,2023-01-01,2025-07-31
Kazakhstan,Aktau,1,1,69.0,69.0,0.0,0.0,8.0,69.0,11.6,11.6,0.0,5.1,0.0,2024-10-11,2024-10-11
Kuwait,Kuwait,943,1,354906.0,182781.0,172125.0,0.0,7219.0,180275.0,3.9,4.0,1.37,6.9,48.5,2023-01-01,2025-07-31
Lebanon,Beirut,650,1,94292.0,46529.0,47763.0,0.0,2391.0,45870.0,5.1,5.2,1.42,4.9,50.7,2023-01-01,2025-07-31
Netherlands,Amsterdam,940,1,281658.0,50846.0,230812.0,0.0,9262.0,50238.0,18.2,18.4,1.2,10.0,81.9,2023-01-01,2025-07-31
Oman,Muscat,935,1,354762.0,170742.0,184020.0,0.0,5091.0,168939.0,3.0,3.0,1.06,6.9,51.9,2023-01-01,2025-07-31
Philippines,Manila,943,1,576203.0,150401.0,425802.0,0.0,6810.0,148339.0,4.5,4.6,1.37,9.0,73.9,2023-01-01,2025-07-31
Poland,Warsaw,34,1,9285.0,1612.0,7673.0,0.0,416.0,1591.0,25.8,26.1,1.3,9.7,82.6,2025-06-03,2025-07-31
Qatar,Doha,943,1,397482.0,117734.0,279748.0,0.0,7077.0,116224.0,6.0,6.1,1.28,6.1,70.4,2023-01-01,2025-07-31
Russian Federation,Moscow,937,1,320878.0,92249.0,228629.0,0.0,15589.0,90982.0,16.9,17.1,1.37,9.7,71.3,2023-01-01,2025-07-31
Russian Federation,St. Petersburg,192,1,44796.0,15268.0,29528.0,0.0,1847.0,15056.0,12.1,12.3,1.39,9.7,65.9,2023-10-29,2025-03-29
Russian Federation,Sochi,28,1,4153.0,1437.0,2716.0,0.0,90.0,1393.0,6.3,6.5,3.06,5.0,65.4,2025-05-29,2025-07-31
Saudi Arabia,Jeddah,943,1,542864.0,168474.0,374390.0,0.0,13305.0,166773.0,7.9,8.0,1.01,6.2,69.0,2023-01-01,2025-07-31
Saudi Arabia,Dammam,943,1,385900.0,144134.0,241766.0,0.0,3047.0,141958.0,2.1,2.1,1.51,5.6,62.6,2023-01-01,2025-07-31
Saudi Arabia,Riyadh,943,1,475842.0,116809.0,359033.0,0.0,4756.0,115904.0,4.1,4.1,0.77,6.3,75.5,2023-01-01,2025-07-31
Saudi Arabia,Gassim,213,1,22089.0,1855.0,20234.0,0.0,241.0,1814.0,13.0,13.3,2.21,8.4,91.6,2024-06-24,2025-07-30
Saudi Arabia,Madinah,34,1,4971.0,1612.0,3359.0,0.0,158.0,1573.0,9.8,10.0,2.42,4.8,67.6,2023-01-01,2023-03-02
South Korea,Seoul,928,1,295015.0,66307.0,228708.0,0.0,12170.0,66038.0,18.4,18.4,0.41,9.7,77.5,2023-01-01,2025-07-31
Spain,Madrid,929,1,329567.0,56282.0,273285.0,0.0,10793.0,55797.0,19.2,19.3,0.86,9.7,82.9,2023-01-01,2025-07-31
Spain,Barcelona,931,1,320723.0,41640.0,279083.0,0.0,8089.0,41166.0,19.4,19.6,1.14,9.7,87.0,2023-01-01,2025-07-31
Spain,Malaga,104,1,26316.0,8916.0,17400.0,0.0,1547.0,8748.0,17.4,17.7,1.88,9.7,66.1,2023-06-18,2025-07-31
Switzerland,Zurich,925,1,280709.0,45142.0,235567.0,0.0,7194.0,44425.0,15.9,16.2,1.59,10.2,83.9,2023-01-01,2025-07-31
Switzerland,Geneva,826,1,150365.0,31665.0,118700.0,0.0,8758.0,31220.0,27.7,28.1,1.41,15.4,78.9,2023-01-01,2025-07-31
Turkey,Istanbul,936,1,266016.0,97812.0,168204.0,0.0,9261.0,96468.0,9.5,9.6,1.37,6.9,63.2,2023-01-01,2025-07-31
Turkey,Antalya,60,1,8000.0,5377.0,2623.0,0.0,248.0,5248.0,4.6,4.7,2.4,4.8,32.8,2024-06-15,2025-07-31
United Kingdom,London,943,1,1239583.0,328937.0,910646.0,0.0,75420.0,324598.0,22.9,23.2,1.32,14.6,73.5,2023-01-01,2025-07-31
United Kingdom,Manchester,939,1,339018.0,62978.0,276040.0,0.0,8957.0,62071.0,14.2,14.4,1.44,10.1,81.4,2023-01-01,2025-07-31
United States of America,New York,942,1,522818.0,60887.0,461931.0,0.0,25390.0,60269.0,41.7,42.1,1.01,13.4,88.4,2023-01-01,2025-07-31
United States of America,Chicago,936,1,319816.0,30481.0,289335.0,0.0,11039.0,30026.0,36.2,36.8,1.49,11.8,90.5,2023-01-02,2025-07-31
United States of America,Washington,940,1,225497.0,25010.0,200487.0,0.0,9958.0,24713.0,39.8,40.3,1.19,12.9,88.9,2023-01-01,2025-07-31
United States of America,Boston,392,1,97734.0,7967.0,89767.0,0.0,2557.0,7883.0,32.1,32.4,1.05,9.7,91.8,2024-04-01,2025-07-31
United States of America,Atlanta,17,1,5617.0,647.0,4970.0,0.0,211.0,638.0,32.6,33.1,1.39,11.9,88.5,2025-07-03,2025-07-31
United States of America,Minneapolis/St. Paul,1,1,157.0,157.0,0.0,0.0,38.0,157.0,24.2,24.2,0.0,10.8,0.0,2023-10-02,2023-10-02
United States of America,Dallas,1,1,121.0,121.0,0.0,0.0,40.0,121.0,33.1,33.1,0.0,10.8,0.0,2023-10-02,2023-10-02
United States of America,Denver,1,1,109.0,109.0,0.0,0.0,40.0,109.0,36.7,36.7,0.0,10.8,0.0,2024-10-01,2024-10-01
